Instrument 1,Instrument 2,Crossover Count,Filepath 1,Filepath 2
Instrument_18,Instrument_14,675,../resources/random_data/Instrument_18.json,../resources/random_data/Instrument_14.json
Instrument_1,Instrument_3,636,../resources/random_data/Instrument_1.json,../resources/random_data/Instrument_3.json
Instrument_5,Instrument_16,621,../resources/random_data/Instrument_5.json,../resources/random_data/Instrument_16.json
Instrument_5,Instrument_10,561,../resources/random_data/Instrument_5.json,../resources/random_data/Instrument_10.json
Instrument_3,Instrument_12,560,../resources/random_data/Instrument_3.json,../resources/random_data/Instrument_12.json
Instrument_14,Instrument_6,533,../resources/random_data/Instrument_14.json,../resources/random_data/Instrument_6.json
Instrument_10,Instrument_3,527,../resources/random_data/Instrument_10.json,../resources/random_data/Instrument_3.json
Instrument_10,Instrument_5,515,../resources/random_data/Instrument_10.json,../resources/random_data/Instrument_5.json
Instrument_1,Instrument_16,498,../resources/random_data/Instrument_1.json,../resources/random_data/Instrument_16.json
Instrument_8,Instrument_10,496,../resources/random_data/Instrument_8.json,../resources/random_data/Instrument_10.json
Instrument_7,Instrument_3,493,../resources/random_data/Instrument_7.json,../resources/random_data/Instrument_3.json
Instrument_5,Instrument_1,489,../resources/random_data/Instrument_5.json,../resources/random_data/Instrument_1.json
Instrument_21,Instrument_8,482,../resources/random_data/Instrument_21.json,../resources/random_data/Instrument_8.json
Instrument_4,Instrument_12,479,../resources/random_data/Instrument_4.json,../resources/random_data/Instrument_12.json
Instrument_17,Instrument_4,478,../resources/random_data/Instrument_17.json,../resources/random_data/Instrument_4.json
Instrument_16,Instrument_3,474,../resources/random_data/Instrument_16.json,../resources/random_data/Instrument_3.json
Instrument_1,Instrument_5,472,../resources/random_data/Instrument_1.json,../resources/random_data/Instrument_5.json
Instrument_16,Instrument_1,457,../resources/random_data/Instrument_16.json,../resources/random_data/Instrument_1.json
Instrument_15,Instrument_4,452,../resources/random_data/Instrument_15.json,../resources/random_data/Instrument_4.json
Instrument_21,Instrument_12,450,../resources/random_data/Instrument_21.json,../resources/random_data/Instrument_12.json
Instrument_15,Instrument_17,444,../resources/random_data/Instrument_15.json,../resources/random_data/Instrument_17.json
Instrument_17,Instrument_15,442,../resources/random_data/Instrument_17.json,../resources/random_data/Instrument_15.json
Instrument_2,Instrument_17,440,../resources/random_data/Instrument_2.json,../resources/random_data/Instrument_17.json
Instrument_3,Instrument_21,438,../resources/random_data/Instrument_3.json,../resources/random_data/Instrument_21.json
Instrument_10,Instrument_8,429,../resources/random_data/Instrument_10.json,../resources/random_data/Instrument_8.json
Instrument_10,Instrument_21,429,../resources/random_data/Instrument_10.json,../resources/random_data/Instrument_21.json
Instrument_13,Instrument_15,429,../resources/random_data/Instrument_13.json,../resources/random_data/Instrument_15.json
Instrument_7,Instrument_14,429,../resources/random_data/Instrument_7.json,../resources/random_data/Instrument_14.json
Instrument_16,Instrument_17,427,../resources/random_data/Instrument_16.json,../resources/random_data/Instrument_17.json
Instrument_5,Instrument_17,426,../resources/random_data/Instrument_5.json,../resources/random_data/Instrument_17.json
Instrument_1,Instrument_2,417,../resources/random_data/Instrument_1.json,../resources/random_data/Instrument_2.json
Instrument_4,Instrument_17,414,../resources/random_data/Instrument_4.json,../resources/random_data/Instrument_17.json
Instrument_8,Instrument_21,412,../resources/random_data/Instrument_8.json,../resources/random_data/Instrument_21.json
Instrument_5,Instrument_4,410,../resources/random_data/Instrument_5.json,../resources/random_data/Instrument_4.json
Instrument_5,Instrument_3,408,../resources/random_data/Instrument_5.json,../resources/random_data/Instrument_3.json
Instrument_5,Instrument_7,405,../resources/random_data/Instrument_5.json,../resources/random_data/Instrument_7.json
Instrument_12,Instrument_3,405,../resources/random_data/Instrument_12.json,../resources/random_data/Instrument_3.json
Instrument_10,Instrument_1,401,../resources/random_data/Instrument_10.json,../resources/random_data/Instrument_1.json
Instrument_16,Instrument_19,397,../resources/random_data/Instrument_16.json,../resources/random_data/Instrument_19.json
Instrument_3,Instrument_7,397,../resources/random_data/Instrument_3.json,../resources/random_data/Instrument_7.json
Instrument_11,Instrument_6,392,../resources/random_data/Instrument_11.json,../resources/random_data/Instrument_6.json
Instrument_2,Instrument_4,390,../resources/random_data/Instrument_2.json,../resources/random_data/Instrument_4.json
Instrument_21,Instrument_13,387,../resources/random_data/Instrument_21.json,../resources/random_data/Instrument_13.json
Instrument_7,Instrument_5,387,../resources/random_data/Instrument_7.json,../resources/random_data/Instrument_5.json
Instrument_5,Instrument_21,385,../resources/random_data/Instrument_5.json,../resources/random_data/Instrument_21.json
Instrument_9,Instrument_20,383,../resources/random_data/Instrument_9.json,../resources/random_data/Instrument_20.json
Instrument_18,Instrument_10,383,../resources/random_data/Instrument_18.json,../resources/random_data/Instrument_10.json
Instrument_18,Instrument_12,380,../resources/random_data/Instrument_18.json,../resources/random_data/Instrument_12.json
Instrument_16,Instrument_10,379,../resources/random_data/Instrument_16.json,../resources/random_data/Instrument_10.json
Instrument_19,Instrument_5,379,../resources/random_data/Instrument_19.json,../resources/random_data/Instrument_5.json
Instrument_19,Instrument_2,378,../resources/random_data/Instrument_19.json,../resources/random_data/Instrument_2.json
Instrument_14,Instrument_9,374,../resources/random_data/Instrument_14.json,../resources/random_data/Instrument_9.json
Instrument_7,Instrument_10,373,../resources/random_data/Instrument_7.json,../resources/random_data/Instrument_10.json
Instrument_4,Instrument_3,372,../resources/random_data/Instrument_4.json,../resources/random_data/Instrument_3.json
Instrument_14,Instrument_13,372,../resources/random_data/Instrument_14.json,../resources/random_data/Instrument_13.json
Instrument_6,Instrument_13,370,../resources/random_data/Instrument_6.json,../resources/random_data/Instrument_13.json
Instrument_20,Instrument_9,369,../resources/random_data/Instrument_20.json,../resources/random_data/Instrument_9.json
Instrument_17,Instrument_13,368,../resources/random_data/Instrument_17.json,../resources/random_data/Instrument_13.json
Instrument_6,Instrument_14,367,../resources/random_data/Instrument_6.json,../resources/random_data/Instrument_14.json
Instrument_10,Instrument_17,366,../resources/random_data/Instrument_10.json,../resources/random_data/Instrument_17.json
Instrument_21,Instrument_10,364,../resources/random_data/Instrument_21.json,../resources/random_data/Instrument_10.json
Instrument_14,Instrument_20,364,../resources/random_data/Instrument_14.json,../resources/random_data/Instrument_20.json
Instrument_7,Instrument_21,361,../resources/random_data/Instrument_7.json,../resources/random_data/Instrument_21.json
Instrument_10,Instrument_19,359,../resources/random_data/Instrument_10.json,../resources/random_data/Instrument_19.json
Instrument_19,Instrument_15,358,../resources/random_data/Instrument_19.json,../resources/random_data/Instrument_15.json
Instrument_12,Instrument_17,357,../resources/random_data/Instrument_12.json,../resources/random_data/Instrument_17.json
Instrument_4,Instrument_16,356,../resources/random_data/Instrument_4.json,../resources/random_data/Instrument_16.json
Instrument_16,Instrument_2,356,../resources/random_data/Instrument_16.json,../resources/random_data/Instrument_2.json
Instrument_8,Instrument_13,354,../resources/random_data/Instrument_8.json,../resources/random_data/Instrument_13.json
Instrument_9,Instrument_14,351,../resources/random_data/Instrument_9.json,../resources/random_data/Instrument_14.json
Instrument_14,Instrument_18,351,../resources/random_data/Instrument_14.json,../resources/random_data/Instrument_18.json
Instrument_20,Instrument_6,350,../resources/random_data/Instrument_20.json,../resources/random_data/Instrument_6.json
Instrument_16,Instrument_7,348,../resources/random_data/Instrument_16.json,../resources/random_data/Instrument_7.json
Instrument_1,Instrument_20,348,../resources/random_data/Instrument_1.json,../resources/random_data/Instrument_20.json
Instrument_15,Instrument_13,347,../resources/random_data/Instrument_15.json,../resources/random_data/Instrument_13.json
Instrument_3,Instrument_2,342,../resources/random_data/Instrument_3.json,../resources/random_data/Instrument_2.json
Instrument_16,Instrument_21,341,../resources/random_data/Instrument_16.json,../resources/random_data/Instrument_21.json
Instrument_15,Instrument_8,341,../resources/random_data/Instrument_15.json,../resources/random_data/Instrument_8.json
Instrument_18,Instrument_7,336,../resources/random_data/Instrument_18.json,../resources/random_data/Instrument_7.json
Instrument_13,Instrument_8,333,../resources/random_data/Instrument_13.json,../resources/random_data/Instrument_8.json
Instrument_3,Instrument_13,328,../resources/random_data/Instrument_3.json,../resources/random_data/Instrument_13.json
Instrument_1,Instrument_19,328,../resources/random_data/Instrument_1.json,../resources/random_data/Instrument_19.json
Instrument_10,Instrument_16,326,../resources/random_data/Instrument_10.json,../resources/random_data/Instrument_16.json
Instrument_20,Instrument_11,323,../resources/random_data/Instrument_20.json,../resources/random_data/Instrument_11.json
Instrument_2,Instrument_15,322,../resources/random_data/Instrument_2.json,../resources/random_data/Instrument_15.json
Instrument_3,Instrument_8,317,../resources/random_data/Instrument_3.json,../resources/random_data/Instrument_8.json
Instrument_19,Instrument_3,317,../resources/random_data/Instrument_19.json,../resources/random_data/Instrument_3.json
Instrument_8,Instrument_4,314,../resources/random_data/Instrument_8.json,../resources/random_data/Instrument_4.json
Instrument_10,Instrument_4,311,../resources/random_data/Instrument_10.json,../resources/random_data/Instrument_4.json
Instrument_5,Instrument_8,311,../resources/random_data/Instrument_5.json,../resources/random_data/Instrument_8.json
Instrument_18,Instrument_21,311,../resources/random_data/Instrument_18.json,../resources/random_data/Instrument_21.json
Instrument_13,Instrument_10,311,../resources/random_data/Instrument_13.json,../resources/random_data/Instrument_10.json
Instrument_12,Instrument_8,309,../resources/random_data/Instrument_12.json,../resources/random_data/Instrument_8.json
Instrument_8,Instrument_15,308,../resources/random_data/Instrument_8.json,../resources/random_data/Instrument_15.json
Instrument_20,Instrument_14,307,../resources/random_data/Instrument_20.json,../resources/random_data/Instrument_14.json
Instrument_19,Instrument_13,306,../resources/random_data/Instrument_19.json,../resources/random_data/Instrument_13.json
Instrument_16,Instrument_4,305,../resources/random_data/Instrument_16.json,../resources/random_data/Instrument_4.json
Instrument_11,Instrument_20,304,../resources/random_data/Instrument_11.json,../resources/random_data/Instrument_20.json
Instrument_2,Instrument_1,302,../resources/random_data/Instrument_2.json,../resources/random_data/Instrument_1.json
Instrument_3,Instrument_10,301,../resources/random_data/Instrument_3.json,../resources/random_data/Instrument_10.json
Instrument_2,Instrument_21,299,../resources/random_data/Instrument_2.json,../resources/random_data/Instrument_21.json
Instrument_1,Instrument_21,299,../resources/random_data/Instrument_1.json,../resources/random_data/Instrument_21.json
Instrument_21,Instrument_5,296,../resources/random_data/Instrument_21.json,../resources/random_data/Instrument_5.json
Instrument_4,Instrument_15,294,../resources/random_data/Instrument_4.json,../resources/random_data/Instrument_15.json
Instrument_9,Instrument_13,294,../resources/random_data/Instrument_9.json,../resources/random_data/Instrument_13.json
Instrument_18,Instrument_6,294,../resources/random_data/Instrument_18.json,../resources/random_data/Instrument_6.json
Instrument_15,Instrument_10,293,../resources/random_data/Instrument_15.json,../resources/random_data/Instrument_10.json
Instrument_5,Instrument_2,292,../resources/random_data/Instrument_5.json,../resources/random_data/Instrument_2.json
Instrument_15,Instrument_21,292,../resources/random_data/Instrument_15.json,../resources/random_data/Instrument_21.json
Instrument_19,Instrument_10,291,../resources/random_data/Instrument_19.json,../resources/random_data/Instrument_10.json
Instrument_4,Instrument_21,290,../resources/random_data/Instrument_4.json,../resources/random_data/Instrument_21.json
Instrument_12,Instrument_7,289,../resources/random_data/Instrument_12.json,../resources/random_data/Instrument_7.json
Instrument_4,Instrument_2,286,../resources/random_data/Instrument_4.json,../resources/random_data/Instrument_2.json
Instrument_4,Instrument_19,286,../resources/random_data/Instrument_4.json,../resources/random_data/Instrument_19.json
Instrument_7,Instrument_16,286,../resources/random_data/Instrument_7.json,../resources/random_data/Instrument_16.json
Instrument_21,Instrument_19,285,../resources/random_data/Instrument_21.json,../resources/random_data/Instrument_19.json
Instrument_21,Instrument_20,282,../resources/random_data/Instrument_21.json,../resources/random_data/Instrument_20.json
Instrument_21,Instrument_6,282,../resources/random_data/Instrument_21.json,../resources/random_data/Instrument_6.json
Instrument_18,Instrument_9,282,../resources/random_data/Instrument_18.json,../resources/random_data/Instrument_9.json
Instrument_21,Instrument_3,279,../resources/random_data/Instrument_21.json,../resources/random_data/Instrument_3.json
Instrument_11,Instrument_14,277,../resources/random_data/Instrument_11.json,../resources/random_data/Instrument_14.json
Instrument_3,Instrument_4,277,../resources/random_data/Instrument_3.json,../resources/random_data/Instrument_4.json
Instrument_10,Instrument_13,276,../resources/random_data/Instrument_10.json,../resources/random_data/Instrument_13.json
Instrument_14,Instrument_11,276,../resources/random_data/Instrument_14.json,../resources/random_data/Instrument_11.json
Instrument_10,Instrument_12,275,../resources/random_data/Instrument_10.json,../resources/random_data/Instrument_12.json
Instrument_18,Instrument_5,274,../resources/random_data/Instrument_18.json,../resources/random_data/Instrument_5.json
Instrument_3,Instrument_17,273,../resources/random_data/Instrument_3.json,../resources/random_data/Instrument_17.json
Instrument_1,Instrument_7,273,../resources/random_data/Instrument_1.json,../resources/random_data/Instrument_7.json
Instrument_1,Instrument_10,272,../resources/random_data/Instrument_1.json,../resources/random_data/Instrument_10.json
Instrument_6,Instrument_11,271,../resources/random_data/Instrument_6.json,../resources/random_data/Instrument_11.json
Instrument_12,Instrument_16,269,../resources/random_data/Instrument_12.json,../resources/random_data/Instrument_16.json
Instrument_16,Instrument_5,268,../resources/random_data/Instrument_16.json,../resources/random_data/Instrument_5.json
Instrument_18,Instrument_11,267,../resources/random_data/Instrument_18.json,../resources/random_data/Instrument_11.json
Instrument_10,Instrument_7,266,../resources/random_data/Instrument_10.json,../resources/random_data/Instrument_7.json
Instrument_3,Instrument_20,265,../resources/random_data/Instrument_3.json,../resources/random_data/Instrument_20.json
Instrument_19,Instrument_1,263,../resources/random_data/Instrument_19.json,../resources/random_data/Instrument_1.json
Instrument_6,Instrument_7,262,../resources/random_data/Instrument_6.json,../resources/random_data/Instrument_7.json
Instrument_4,Instrument_13,260,../resources/random_data/Instrument_4.json,../resources/random_data/Instrument_13.json
Instrument_8,Instrument_16,260,../resources/random_data/Instrument_8.json,../resources/random_data/Instrument_16.json
Instrument_13,Instrument_4,259,../resources/random_data/Instrument_13.json,../resources/random_data/Instrument_4.json
Instrument_12,Instrument_15,257,../resources/random_data/Instrument_12.json,../resources/random_data/Instrument_15.json
Instrument_21,Instrument_16,254,../resources/random_data/Instrument_21.json,../resources/random_data/Instrument_16.json
Instrument_13,Instrument_5,254,../resources/random_data/Instrument_13.json,../resources/random_data/Instrument_5.json
Instrument_11,Instrument_12,253,../resources/random_data/Instrument_11.json,../resources/random_data/Instrument_12.json
Instrument_3,Instrument_16,253,../resources/random_data/Instrument_3.json,../resources/random_data/Instrument_16.json
Instrument_2,Instrument_19,251,../resources/random_data/Instrument_2.json,../resources/random_data/Instrument_19.json
Instrument_10,Instrument_14,249,../resources/random_data/Instrument_10.json,../resources/random_data/Instrument_14.json
Instrument_7,Instrument_8,249,../resources/random_data/Instrument_7.json,../resources/random_data/Instrument_8.json
Instrument_7,Instrument_18,249,../resources/random_data/Instrument_7.json,../resources/random_data/Instrument_18.json
Instrument_3,Instrument_15,248,../resources/random_data/Instrument_3.json,../resources/random_data/Instrument_15.json
Instrument_18,Instrument_8,248,../resources/random_data/Instrument_18.json,../resources/random_data/Instrument_8.json
Instrument_1,Instrument_8,248,../resources/random_data/Instrument_1.json,../resources/random_data/Instrument_8.json
Instrument_1,Instrument_12,248,../resources/random_data/Instrument_1.json,../resources/random_data/Instrument_12.json
Instrument_1,Instrument_4,247,../resources/random_data/Instrument_1.json,../resources/random_data/Instrument_4.json
Instrument_19,Instrument_8,247,../resources/random_data/Instrument_19.json,../resources/random_data/Instrument_8.json
Instrument_19,Instrument_20,246,../resources/random_data/Instrument_19.json,../resources/random_data/Instrument_20.json
Instrument_21,Instrument_4,244,../resources/random_data/Instrument_21.json,../resources/random_data/Instrument_4.json
Instrument_5,Instrument_19,243,../resources/random_data/Instrument_5.json,../resources/random_data/Instrument_19.json
Instrument_13,Instrument_3,243,../resources/random_data/Instrument_13.json,../resources/random_data/Instrument_3.json
Instrument_8,Instrument_7,242,../resources/random_data/Instrument_8.json,../resources/random_data/Instrument_7.json
Instrument_5,Instrument_12,242,../resources/random_data/Instrument_5.json,../resources/random_data/Instrument_12.json
Instrument_13,Instrument_17,242,../resources/random_data/Instrument_13.json,../resources/random_data/Instrument_17.json
Instrument_4,Instrument_1,241,../resources/random_data/Instrument_4.json,../resources/random_data/Instrument_1.json
Instrument_18,Instrument_16,240,../resources/random_data/Instrument_18.json,../resources/random_data/Instrument_16.json
Instrument_19,Instrument_16,240,../resources/random_data/Instrument_19.json,../resources/random_data/Instrument_16.json
Instrument_8,Instrument_14,239,../resources/random_data/Instrument_8.json,../resources/random_data/Instrument_14.json
Instrument_10,Instrument_15,238,../resources/random_data/Instrument_10.json,../resources/random_data/Instrument_15.json
Instrument_12,Instrument_1,238,../resources/random_data/Instrument_12.json,../resources/random_data/Instrument_1.json
Instrument_17,Instrument_8,237,../resources/random_data/Instrument_17.json,../resources/random_data/Instrument_8.json
Instrument_18,Instrument_3,237,../resources/random_data/Instrument_18.json,../resources/random_data/Instrument_3.json
Instrument_7,Instrument_20,234,../resources/random_data/Instrument_7.json,../resources/random_data/Instrument_20.json
Instrument_19,Instrument_14,233,../resources/random_data/Instrument_19.json,../resources/random_data/Instrument_14.json
Instrument_12,Instrument_20,233,../resources/random_data/Instrument_12.json,../resources/random_data/Instrument_20.json
Instrument_19,Instrument_4,230,../resources/random_data/Instrument_19.json,../resources/random_data/Instrument_4.json
Instrument_11,Instrument_9,229,../resources/random_data/Instrument_11.json,../resources/random_data/Instrument_9.json
Instrument_7,Instrument_6,229,../resources/random_data/Instrument_7.json,../resources/random_data/Instrument_6.json
Instrument_21,Instrument_17,227,../resources/random_data/Instrument_21.json,../resources/random_data/Instrument_17.json
Instrument_8,Instrument_17,223,../resources/random_data/Instrument_8.json,../resources/random_data/Instrument_17.json
Instrument_9,Instrument_18,221,../resources/random_data/Instrument_9.json,../resources/random_data/Instrument_18.json
Instrument_7,Instrument_17,221,../resources/random_data/Instrument_7.json,../resources/random_data/Instrument_17.json
Instrument_3,Instrument_5,220,../resources/random_data/Instrument_3.json,../resources/random_data/Instrument_5.json
Instrument_3,Instrument_14,220,../resources/random_data/Instrument_3.json,../resources/random_data/Instrument_14.json
Instrument_4,Instrument_10,219,../resources/random_data/Instrument_4.json,../resources/random_data/Instrument_10.json
Instrument_8,Instrument_12,218,../resources/random_data/Instrument_8.json,../resources/random_data/Instrument_12.json
Instrument_1,Instrument_11,218,../resources/random_data/Instrument_1.json,../resources/random_data/Instrument_11.json
Instrument_15,Instrument_12,217,../resources/random_data/Instrument_15.json,../resources/random_data/Instrument_12.json
Instrument_17,Instrument_12,216,../resources/random_data/Instrument_17.json,../resources/random_data/Instrument_12.json
Instrument_9,Instrument_6,215,../resources/random_data/Instrument_9.json,../resources/random_data/Instrument_6.json
Instrument_18,Instrument_1,215,../resources/random_data/Instrument_18.json,../resources/random_data/Instrument_1.json
Instrument_19,Instrument_7,215,../resources/random_data/Instrument_19.json,../resources/random_data/Instrument_7.json
Instrument_17,Instrument_21,214,../resources/random_data/Instrument_17.json,../resources/random_data/Instrument_21.json
Instrument_2,Instrument_8,213,../resources/random_data/Instrument_2.json,../resources/random_data/Instrument_8.json
Instrument_12,Instrument_4,213,../resources/random_data/Instrument_12.json,../resources/random_data/Instrument_4.json
Instrument_21,Instrument_7,212,../resources/random_data/Instrument_21.json,../resources/random_data/Instrument_7.json
Instrument_1,Instrument_13,212,../resources/random_data/Instrument_1.json,../resources/random_data/Instrument_13.json
Instrument_17,Instrument_19,211,../resources/random_data/Instrument_17.json,../resources/random_data/Instrument_19.json
Instrument_8,Instrument_18,210,../resources/random_data/Instrument_8.json,../resources/random_data/Instrument_18.json
Instrument_21,Instrument_14,210,../resources/random_data/Instrument_21.json,../resources/random_data/Instrument_14.json
Instrument_12,Instrument_10,210,../resources/random_data/Instrument_12.json,../resources/random_data/Instrument_10.json
Instrument_13,Instrument_19,210,../resources/random_data/Instrument_13.json,../resources/random_data/Instrument_19.json
Instrument_12,Instrument_5,209,../resources/random_data/Instrument_12.json,../resources/random_data/Instrument_5.json
Instrument_7,Instrument_15,209,../resources/random_data/Instrument_7.json,../resources/random_data/Instrument_15.json
Instrument_16,Instrument_20,208,../resources/random_data/Instrument_16.json,../resources/random_data/Instrument_20.json
Instrument_17,Instrument_10,208,../resources/random_data/Instrument_17.json,../resources/random_data/Instrument_10.json
Instrument_6,Instrument_18,208,../resources/random_data/Instrument_6.json,../resources/random_data/Instrument_18.json
Instrument_15,Instrument_14,207,../resources/random_data/Instrument_15.json,../resources/random_data/Instrument_14.json
Instrument_8,Instrument_6,205,../resources/random_data/Instrument_8.json,../resources/random_data/Instrument_6.json
Instrument_9,Instrument_2,204,../resources/random_data/Instrument_9.json,../resources/random_data/Instrument_2.json
Instrument_6,Instrument_21,204,../resources/random_data/Instrument_6.json,../resources/random_data/Instrument_21.json
Instrument_13,Instrument_6,204,../resources/random_data/Instrument_13.json,../resources/random_data/Instrument_6.json
Instrument_18,Instrument_20,203,../resources/random_data/Instrument_18.json,../resources/random_data/Instrument_20.json
Instrument_9,Instrument_11,200,../resources/random_data/Instrument_9.json,../resources/random_data/Instrument_11.json
Instrument_21,Instrument_11,200,../resources/random_data/Instrument_21.json,../resources/random_data/Instrument_11.json
Instrument_12,Instrument_6,200,../resources/random_data/Instrument_12.json,../resources/random_data/Instrument_6.json
Instrument_14,Instrument_3,199,../resources/random_data/Instrument_14.json,../resources/random_data/Instrument_3.json
Instrument_11,Instrument_8,196,../resources/random_data/Instrument_11.json,../resources/random_data/Instrument_8.json
Instrument_15,Instrument_19,195,../resources/random_data/Instrument_15.json,../resources/random_data/Instrument_19.json
Instrument_17,Instrument_16,194,../resources/random_data/Instrument_17.json,../resources/random_data/Instrument_16.json
Instrument_15,Instrument_3,194,../resources/random_data/Instrument_15.json,../resources/random_data/Instrument_3.json
Instrument_9,Instrument_21,193,../resources/random_data/Instrument_9.json,../resources/random_data/Instrument_21.json
Instrument_19,Instrument_21,193,../resources/random_data/Instrument_19.json,../resources/random_data/Instrument_21.json
Instrument_19,Instrument_18,193,../resources/random_data/Instrument_19.json,../resources/random_data/Instrument_18.json
Instrument_13,Instrument_21,193,../resources/random_data/Instrument_13.json,../resources/random_data/Instrument_21.json
Instrument_21,Instrument_15,192,../resources/random_data/Instrument_21.json,../resources/random_data/Instrument_15.json
Instrument_7,Instrument_9,192,../resources/random_data/Instrument_7.json,../resources/random_data/Instrument_9.json
Instrument_21,Instrument_2,191,../resources/random_data/Instrument_21.json,../resources/random_data/Instrument_2.json
Instrument_8,Instrument_1,190,../resources/random_data/Instrument_8.json,../resources/random_data/Instrument_1.json
Instrument_3,Instrument_11,190,../resources/random_data/Instrument_3.json,../resources/random_data/Instrument_11.json
Instrument_2,Instrument_5,188,../resources/random_data/Instrument_2.json,../resources/random_data/Instrument_5.json
Instrument_6,Instrument_8,187,../resources/random_data/Instrument_6.json,../resources/random_data/Instrument_8.json
Instrument_12,Instrument_13,185,../resources/random_data/Instrument_12.json,../resources/random_data/Instrument_13.json
Instrument_4,Instrument_7,184,../resources/random_data/Instrument_4.json,../resources/random_data/Instrument_7.json
Instrument_19,Instrument_17,184,../resources/random_data/Instrument_19.json,../resources/random_data/Instrument_17.json
Instrument_10,Instrument_9,183,../resources/random_data/Instrument_10.json,../resources/random_data/Instrument_9.json
Instrument_2,Instrument_10,183,../resources/random_data/Instrument_2.json,../resources/random_data/Instrument_10.json
Instrument_15,Instrument_11,182,../resources/random_data/Instrument_15.json,../resources/random_data/Instrument_11.json
Instrument_15,Instrument_18,182,../resources/random_data/Instrument_15.json,../resources/random_data/Instrument_18.json
Instrument_5,Instrument_14,181,../resources/random_data/Instrument_5.json,../resources/random_data/Instrument_14.json
Instrument_20,Instrument_18,180,../resources/random_data/Instrument_20.json,../resources/random_data/Instrument_18.json
Instrument_6,Instrument_5,180,../resources/random_data/Instrument_6.json,../resources/random_data/Instrument_5.json
Instrument_10,Instrument_2,179,../resources/random_data/Instrument_10.json,../resources/random_data/Instrument_2.json
Instrument_20,Instrument_13,178,../resources/random_data/Instrument_20.json,../resources/random_data/Instrument_13.json
Instrument_10,Instrument_20,177,../resources/random_data/Instrument_10.json,../resources/random_data/Instrument_20.json
Instrument_10,Instrument_18,177,../resources/random_data/Instrument_10.json,../resources/random_data/Instrument_18.json
Instrument_15,Instrument_2,176,../resources/random_data/Instrument_15.json,../resources/random_data/Instrument_2.json
Instrument_13,Instrument_12,176,../resources/random_data/Instrument_13.json,../resources/random_data/Instrument_12.json
Instrument_4,Instrument_8,173,../resources/random_data/Instrument_4.json,../resources/random_data/Instrument_8.json
Instrument_15,Instrument_16,172,../resources/random_data/Instrument_15.json,../resources/random_data/Instrument_16.json
Instrument_13,Instrument_16,172,../resources/random_data/Instrument_13.json,../resources/random_data/Instrument_16.json
Instrument_10,Instrument_6,171,../resources/random_data/Instrument_10.json,../resources/random_data/Instrument_6.json
Instrument_11,Instrument_13,170,../resources/random_data/Instrument_11.json,../resources/random_data/Instrument_13.json
Instrument_16,Instrument_13,170,../resources/random_data/Instrument_16.json,../resources/random_data/Instrument_13.json
Instrument_17,Instrument_6,170,../resources/random_data/Instrument_17.json,../resources/random_data/Instrument_6.json
Instrument_9,Instrument_8,168,../resources/random_data/Instrument_9.json,../resources/random_data/Instrument_8.json
Instrument_2,Instrument_7,167,../resources/random_data/Instrument_2.json,../resources/random_data/Instrument_7.json
Instrument_8,Instrument_3,166,../resources/random_data/Instrument_8.json,../resources/random_data/Instrument_3.json
Instrument_20,Instrument_12,166,../resources/random_data/Instrument_20.json,../resources/random_data/Instrument_12.json
Instrument_14,Instrument_2,166,../resources/random_data/Instrument_14.json,../resources/random_data/Instrument_2.json
Instrument_12,Instrument_2,165,../resources/random_data/Instrument_12.json,../resources/random_data/Instrument_2.json
Instrument_8,Instrument_5,164,../resources/random_data/Instrument_8.json,../resources/random_data/Instrument_5.json
Instrument_2,Instrument_16,159,../resources/random_data/Instrument_2.json,../resources/random_data/Instrument_16.json
Instrument_8,Instrument_19,158,../resources/random_data/Instrument_8.json,../resources/random_data/Instrument_19.json
Instrument_8,Instrument_11,155,../resources/random_data/Instrument_8.json,../resources/random_data/Instrument_11.json
Instrument_21,Instrument_1,155,../resources/random_data/Instrument_21.json,../resources/random_data/Instrument_1.json
Instrument_3,Instrument_19,153,../resources/random_data/Instrument_3.json,../resources/random_data/Instrument_19.json
Instrument_7,Instrument_13,153,../resources/random_data/Instrument_7.json,../resources/random_data/Instrument_13.json
Instrument_4,Instrument_5,151,../resources/random_data/Instrument_4.json,../resources/random_data/Instrument_5.json
Instrument_11,Instrument_21,151,../resources/random_data/Instrument_11.json,../resources/random_data/Instrument_21.json
Instrument_16,Instrument_14,151,../resources/random_data/Instrument_16.json,../resources/random_data/Instrument_14.json
Instrument_6,Instrument_9,151,../resources/random_data/Instrument_6.json,../resources/random_data/Instrument_9.json
Instrument_13,Instrument_2,151,../resources/random_data/Instrument_13.json,../resources/random_data/Instrument_2.json
Instrument_5,Instrument_13,150,../resources/random_data/Instrument_5.json,../resources/random_data/Instrument_13.json
Instrument_5,Instrument_18,149,../resources/random_data/Instrument_5.json,../resources/random_data/Instrument_18.json
Instrument_11,Instrument_15,147,../resources/random_data/Instrument_11.json,../resources/random_data/Instrument_15.json
Instrument_13,Instrument_1,147,../resources/random_data/Instrument_13.json,../resources/random_data/Instrument_1.json
Instrument_14,Instrument_4,146,../resources/random_data/Instrument_14.json,../resources/random_data/Instrument_4.json
Instrument_15,Instrument_20,146,../resources/random_data/Instrument_15.json,../resources/random_data/Instrument_20.json
Instrument_2,Instrument_3,145,../resources/random_data/Instrument_2.json,../resources/random_data/Instrument_3.json
Instrument_14,Instrument_12,144,../resources/random_data/Instrument_14.json,../resources/random_data/Instrument_12.json
Instrument_1,Instrument_17,144,../resources/random_data/Instrument_1.json,../resources/random_data/Instrument_17.json
Instrument_2,Instrument_13,143,../resources/random_data/Instrument_2.json,../resources/random_data/Instrument_13.json
Instrument_20,Instrument_17,143,../resources/random_data/Instrument_20.json,../resources/random_data/Instrument_17.json
Instrument_3,Instrument_9,143,../resources/random_data/Instrument_3.json,../resources/random_data/Instrument_9.json
Instrument_21,Instrument_18,142,../resources/random_data/Instrument_21.json,../resources/random_data/Instrument_18.json
Instrument_4,Instrument_20,140,../resources/random_data/Instrument_4.json,../resources/random_data/Instrument_20.json
Instrument_2,Instrument_20,140,../resources/random_data/Instrument_2.json,../resources/random_data/Instrument_20.json
Instrument_6,Instrument_15,140,../resources/random_data/Instrument_6.json,../resources/random_data/Instrument_15.json
Instrument_12,Instrument_19,140,../resources/random_data/Instrument_12.json,../resources/random_data/Instrument_19.json
Instrument_5,Instrument_11,139,../resources/random_data/Instrument_5.json,../resources/random_data/Instrument_11.json
Instrument_7,Instrument_12,139,../resources/random_data/Instrument_7.json,../resources/random_data/Instrument_12.json
Instrument_17,Instrument_2,138,../resources/random_data/Instrument_17.json,../resources/random_data/Instrument_2.json
Instrument_18,Instrument_13,138,../resources/random_data/Instrument_18.json,../resources/random_data/Instrument_13.json
Instrument_18,Instrument_2,137,../resources/random_data/Instrument_18.json,../resources/random_data/Instrument_2.json
Instrument_6,Instrument_20,135,../resources/random_data/Instrument_6.json,../resources/random_data/Instrument_20.json
Instrument_16,Instrument_12,134,../resources/random_data/Instrument_16.json,../resources/random_data/Instrument_12.json
Instrument_14,Instrument_21,134,../resources/random_data/Instrument_14.json,../resources/random_data/Instrument_21.json
Instrument_13,Instrument_18,134,../resources/random_data/Instrument_13.json,../resources/random_data/Instrument_18.json
Instrument_6,Instrument_12,133,../resources/random_data/Instrument_6.json,../resources/random_data/Instrument_12.json
Instrument_3,Instrument_18,131,../resources/random_data/Instrument_3.json,../resources/random_data/Instrument_18.json
Instrument_6,Instrument_10,131,../resources/random_data/Instrument_6.json,../resources/random_data/Instrument_10.json
Instrument_9,Instrument_12,128,../resources/random_data/Instrument_9.json,../resources/random_data/Instrument_12.json
Instrument_11,Instrument_18,127,../resources/random_data/Instrument_11.json,../resources/random_data/Instrument_18.json
Instrument_9,Instrument_4,124,../resources/random_data/Instrument_9.json,../resources/random_data/Instrument_4.json
Instrument_12,Instrument_11,124,../resources/random_data/Instrument_12.json,../resources/random_data/Instrument_11.json
Instrument_14,Instrument_8,122,../resources/random_data/Instrument_14.json,../resources/random_data/Instrument_8.json
Instrument_15,Instrument_6,122,../resources/random_data/Instrument_15.json,../resources/random_data/Instrument_6.json
Instrument_14,Instrument_7,121,../resources/random_data/Instrument_14.json,../resources/random_data/Instrument_7.json
Instrument_13,Instrument_20,120,../resources/random_data/Instrument_13.json,../resources/random_data/Instrument_20.json
Instrument_10,Instrument_11,118,../resources/random_data/Instrument_10.json,../resources/random_data/Instrument_11.json
Instrument_13,Instrument_11,118,../resources/random_data/Instrument_13.json,../resources/random_data/Instrument_11.json
Instrument_16,Instrument_11,117,../resources/random_data/Instrument_16.json,../resources/random_data/Instrument_11.json
Instrument_19,Instrument_6,116,../resources/random_data/Instrument_19.json,../resources/random_data/Instrument_6.json
Instrument_7,Instrument_1,116,../resources/random_data/Instrument_7.json,../resources/random_data/Instrument_1.json
Instrument_7,Instrument_19,115,../resources/random_data/Instrument_7.json,../resources/random_data/Instrument_19.json
Instrument_11,Instrument_7,114,../resources/random_data/Instrument_11.json,../resources/random_data/Instrument_7.json
Instrument_15,Instrument_9,114,../resources/random_data/Instrument_15.json,../resources/random_data/Instrument_9.json
Instrument_2,Instrument_12,112,../resources/random_data/Instrument_2.json,../resources/random_data/Instrument_12.json
Instrument_14,Instrument_17,112,../resources/random_data/Instrument_14.json,../resources/random_data/Instrument_17.json
Instrument_8,Instrument_20,111,../resources/random_data/Instrument_8.json,../resources/random_data/Instrument_20.json
Instrument_17,Instrument_1,111,../resources/random_data/Instrument_17.json,../resources/random_data/Instrument_1.json
Instrument_8,Instrument_2,110,../resources/random_data/Instrument_8.json,../resources/random_data/Instrument_2.json
Instrument_5,Instrument_6,110,../resources/random_data/Instrument_5.json,../resources/random_data/Instrument_6.json
Instrument_2,Instrument_18,110,../resources/random_data/Instrument_2.json,../resources/random_data/Instrument_18.json
Instrument_3,Instrument_6,110,../resources/random_data/Instrument_3.json,../resources/random_data/Instrument_6.json
Instrument_17,Instrument_7,109,../resources/random_data/Instrument_17.json,../resources/random_data/Instrument_7.json
Instrument_21,Instrument_9,108,../resources/random_data/Instrument_21.json,../resources/random_data/Instrument_9.json
Instrument_20,Instrument_8,106,../resources/random_data/Instrument_20.json,../resources/random_data/Instrument_8.json
Instrument_18,Instrument_4,104,../resources/random_data/Instrument_18.json,../resources/random_data/Instrument_4.json
Instrument_5,Instrument_15,102,../resources/random_data/Instrument_5.json,../resources/random_data/Instrument_15.json
Instrument_17,Instrument_5,102,../resources/random_data/Instrument_17.json,../resources/random_data/Instrument_5.json
Instrument_18,Instrument_15,102,../resources/random_data/Instrument_18.json,../resources/random_data/Instrument_15.json
Instrument_14,Instrument_10,101,../resources/random_data/Instrument_14.json,../resources/random_data/Instrument_10.json
Instrument_18,Instrument_17,100,../resources/random_data/Instrument_18.json,../resources/random_data/Instrument_17.json
Instrument_4,Instrument_6,99,../resources/random_data/Instrument_4.json,../resources/random_data/Instrument_6.json
Instrument_6,Instrument_1,99,../resources/random_data/Instrument_6.json,../resources/random_data/Instrument_1.json
Instrument_9,Instrument_19,98,../resources/random_data/Instrument_9.json,../resources/random_data/Instrument_19.json
Instrument_19,Instrument_9,98,../resources/random_data/Instrument_19.json,../resources/random_data/Instrument_9.json
Instrument_6,Instrument_16,98,../resources/random_data/Instrument_6.json,../resources/random_data/Instrument_16.json
Instrument_7,Instrument_2,95,../resources/random_data/Instrument_7.json,../resources/random_data/Instrument_2.json
Instrument_11,Instrument_3,92,../resources/random_data/Instrument_11.json,../resources/random_data/Instrument_3.json
Instrument_6,Instrument_3,91,../resources/random_data/Instrument_6.json,../resources/random_data/Instrument_3.json
Instrument_19,Instrument_12,90,../resources/random_data/Instrument_19.json,../resources/random_data/Instrument_12.json
Instrument_2,Instrument_6,89,../resources/random_data/Instrument_2.json,../resources/random_data/Instrument_6.json
Instrument_15,Instrument_5,89,../resources/random_data/Instrument_15.json,../resources/random_data/Instrument_5.json
Instrument_16,Instrument_15,88,../resources/random_data/Instrument_16.json,../resources/random_data/Instrument_15.json
Instrument_13,Instrument_7,88,../resources/random_data/Instrument_13.json,../resources/random_data/Instrument_7.json
Instrument_7,Instrument_11,87,../resources/random_data/Instrument_7.json,../resources/random_data/Instrument_11.json
Instrument_12,Instrument_14,85,../resources/random_data/Instrument_12.json,../resources/random_data/Instrument_14.json
Instrument_16,Instrument_8,84,../resources/random_data/Instrument_16.json,../resources/random_data/Instrument_8.json
Instrument_9,Instrument_16,83,../resources/random_data/Instrument_9.json,../resources/random_data/Instrument_16.json
Instrument_15,Instrument_7,82,../resources/random_data/Instrument_15.json,../resources/random_data/Instrument_7.json
Instrument_11,Instrument_4,81,../resources/random_data/Instrument_11.json,../resources/random_data/Instrument_4.json
Instrument_5,Instrument_20,80,../resources/random_data/Instrument_5.json,../resources/random_data/Instrument_20.json
Instrument_20,Instrument_15,78,../resources/random_data/Instrument_20.json,../resources/random_data/Instrument_15.json
Instrument_3,Instrument_1,78,../resources/random_data/Instrument_3.json,../resources/random_data/Instrument_1.json
Instrument_9,Instrument_15,76,../resources/random_data/Instrument_9.json,../resources/random_data/Instrument_15.json
Instrument_19,Instrument_11,76,../resources/random_data/Instrument_19.json,../resources/random_data/Instrument_11.json
Instrument_1,Instrument_9,75,../resources/random_data/Instrument_1.json,../resources/random_data/Instrument_9.json
Instrument_6,Instrument_17,74,../resources/random_data/Instrument_6.json,../resources/random_data/Instrument_17.json
Instrument_2,Instrument_14,73,../resources/random_data/Instrument_2.json,../resources/random_data/Instrument_14.json
Instrument_17,Instrument_3,73,../resources/random_data/Instrument_17.json,../resources/random_data/Instrument_3.json
Instrument_11,Instrument_10,72,../resources/random_data/Instrument_11.json,../resources/random_data/Instrument_10.json
Instrument_14,Instrument_16,72,../resources/random_data/Instrument_14.json,../resources/random_data/Instrument_16.json
Instrument_20,Instrument_3,71,../resources/random_data/Instrument_20.json,../resources/random_data/Instrument_3.json
Instrument_14,Instrument_15,70,../resources/random_data/Instrument_14.json,../resources/random_data/Instrument_15.json
Instrument_8,Instrument_9,67,../resources/random_data/Instrument_8.json,../resources/random_data/Instrument_9.json
Instrument_18,Instrument_19,67,../resources/random_data/Instrument_18.json,../resources/random_data/Instrument_19.json
Instrument_7,Instrument_4,67,../resources/random_data/Instrument_7.json,../resources/random_data/Instrument_4.json
Instrument_9,Instrument_17,65,../resources/random_data/Instrument_9.json,../resources/random_data/Instrument_17.json
Instrument_1,Instrument_14,62,../resources/random_data/Instrument_1.json,../resources/random_data/Instrument_14.json
Instrument_1,Instrument_15,61,../resources/random_data/Instrument_1.json,../resources/random_data/Instrument_15.json
Instrument_11,Instrument_16,60,../resources/random_data/Instrument_11.json,../resources/random_data/Instrument_16.json
Instrument_9,Instrument_7,60,../resources/random_data/Instrument_9.json,../resources/random_data/Instrument_7.json
Instrument_12,Instrument_18,60,../resources/random_data/Instrument_12.json,../resources/random_data/Instrument_18.json
Instrument_12,Instrument_21,59,../resources/random_data/Instrument_12.json,../resources/random_data/Instrument_21.json
Instrument_5,Instrument_9,58,../resources/random_data/Instrument_5.json,../resources/random_data/Instrument_9.json
Instrument_17,Instrument_9,54,../resources/random_data/Instrument_17.json,../resources/random_data/Instrument_9.json
Instrument_17,Instrument_14,54,../resources/random_data/Instrument_17.json,../resources/random_data/Instrument_14.json
Instrument_13,Instrument_14,54,../resources/random_data/Instrument_13.json,../resources/random_data/Instrument_14.json
Instrument_20,Instrument_7,53,../resources/random_data/Instrument_20.json,../resources/random_data/Instrument_7.json
Instrument_1,Instrument_18,52,../resources/random_data/Instrument_1.json,../resources/random_data/Instrument_18.json
Instrument_2,Instrument_11,51,../resources/random_data/Instrument_2.json,../resources/random_data/Instrument_11.json
Instrument_6,Instrument_2,51,../resources/random_data/Instrument_6.json,../resources/random_data/Instrument_2.json
Instrument_14,Instrument_19,49,../resources/random_data/Instrument_14.json,../resources/random_data/Instrument_19.json
Instrument_16,Instrument_9,48,../resources/random_data/Instrument_16.json,../resources/random_data/Instrument_9.json
Instrument_11,Instrument_2,45,../resources/random_data/Instrument_11.json,../resources/random_data/Instrument_2.json
Instrument_16,Instrument_18,44,../resources/random_data/Instrument_16.json,../resources/random_data/Instrument_18.json
Instrument_17,Instrument_18,44,../resources/random_data/Instrument_17.json,../resources/random_data/Instrument_18.json
Instrument_11,Instrument_5,43,../resources/random_data/Instrument_11.json,../resources/random_data/Instrument_5.json
Instrument_14,Instrument_1,41,../resources/random_data/Instrument_14.json,../resources/random_data/Instrument_1.json
Instrument_6,Instrument_19,39,../resources/random_data/Instrument_6.json,../resources/random_data/Instrument_19.json
Instrument_11,Instrument_17,37,../resources/random_data/Instrument_11.json,../resources/random_data/Instrument_17.json
Instrument_20,Instrument_10,37,../resources/random_data/Instrument_20.json,../resources/random_data/Instrument_10.json
Instrument_6,Instrument_4,37,../resources/random_data/Instrument_6.json,../resources/random_data/Instrument_4.json
Instrument_17,Instrument_20,36,../resources/random_data/Instrument_17.json,../resources/random_data/Instrument_20.json
Instrument_20,Instrument_2,34,../resources/random_data/Instrument_20.json,../resources/random_data/Instrument_2.json
Instrument_4,Instrument_11,32,../resources/random_data/Instrument_4.json,../resources/random_data/Instrument_11.json
Instrument_20,Instrument_4,32,../resources/random_data/Instrument_20.json,../resources/random_data/Instrument_4.json
Instrument_12,Instrument_9,31,../resources/random_data/Instrument_12.json,../resources/random_data/Instrument_9.json
Instrument_13,Instrument_9,30,../resources/random_data/Instrument_13.json,../resources/random_data/Instrument_9.json
Instrument_9,Instrument_5,28,../resources/random_data/Instrument_9.json,../resources/random_data/Instrument_5.json
Instrument_2,Instrument_9,27,../resources/random_data/Instrument_2.json,../resources/random_data/Instrument_9.json
Instrument_20,Instrument_16,27,../resources/random_data/Instrument_20.json,../resources/random_data/Instrument_16.json
Instrument_15,Instrument_1,27,../resources/random_data/Instrument_15.json,../resources/random_data/Instrument_1.json
Instrument_9,Instrument_3,24,../resources/random_data/Instrument_9.json,../resources/random_data/Instrument_3.json
Instrument_11,Instrument_19,22,../resources/random_data/Instrument_11.json,../resources/random_data/Instrument_19.json
Instrument_4,Instrument_9,21,../resources/random_data/Instrument_4.json,../resources/random_data/Instrument_9.json
Instrument_17,Instrument_11,21,../resources/random_data/Instrument_17.json,../resources/random_data/Instrument_11.json
Instrument_11,Instrument_1,17,../resources/random_data/Instrument_11.json,../resources/random_data/Instrument_1.json
Instrument_14,Instrument_5,17,../resources/random_data/Instrument_14.json,../resources/random_data/Instrument_5.json
Instrument_9,Instrument_10,16,../resources/random_data/Instrument_9.json,../resources/random_data/Instrument_10.json
Instrument_20,Instrument_19,13,../resources/random_data/Instrument_20.json,../resources/random_data/Instrument_19.json
Instrument_16,Instrument_6,12,../resources/random_data/Instrument_16.json,../resources/random_data/Instrument_6.json
Instrument_20,Instrument_5,12,../resources/random_data/Instrument_20.json,../resources/random_data/Instrument_5.json
Instrument_1,Instrument_6,12,../resources/random_data/Instrument_1.json,../resources/random_data/Instrument_6.json
Instrument_4,Instrument_18,10,../resources/random_data/Instrument_4.json,../resources/random_data/Instrument_18.json
Instrument_20,Instrument_21,10,../resources/random_data/Instrument_20.json,../resources/random_data/Instrument_21.json
Instrument_9,Instrument_1,8,../resources/random_data/Instrument_9.json,../resources/random_data/Instrument_1.json
Instrument_4,Instrument_14,1,../resources/random_data/Instrument_4.json,../resources/random_data/Instrument_14.json
Instrument_20,Instrument_1,1,../resources/random_data/Instrument_20.json,../resources/random_data/Instrument_1.json
